{"cameraMode":{"drawMode":0,"name":"Shaded","section":"Shading Mode"},"sceneLighting":true,"audioPlay":false,"sceneViewState":{"showFog":true,"showMaterialUpdate":false,"showSkybox":true,"showFlares":true,"showImageEffects":true,"showParticleSystems":true},"in2DMode":false,"pivot":{"x":40.547523498535159,"y":73.48042297363281,"z":-46.43510437011719},"rotation":{"x":0.16860279440879823,"y":0.03163619339466095,"z":-0.005414297804236412,"w":0.9851613640785217},"size":88.94213104248047,"orthographic":true}